Ref,Val,Package,PosX,PosY,Rot,Side
"C1","1000u","C_Radial_D16.0mm_H25.0mm_P7.50mm",111.000000,-74.000000,90.000000,top
"C2","1u","C_0603_1608Metric_Pad1.08x0.95mm_HandSolder",146.000000,-68.000000,180.000000,top
"C3","1u","C_0603_1608Metric_Pad1.08x0.95mm_HandSolder",175.862500,-68.000000,180.000000,top
"C4","1u","C_0603_1608Metric_Pad1.08x0.95mm_HandSolder",217.000000,-68.000000,180.000000,top
"C5","100n","C_0603_1608Metric_Pad1.08x0.95mm_HandSolder",75.500000,-44.500000,180.000000,top
"D1","RED","LED_1206_3216Metric_Pad1.42x1.75mm_HandSolder",124.000000,-71.000000,-90.000000,top
"D2","YELLOW","LED_0603_1608Metric_Pad1.05x0.95mm_HandSolder",94.000000,-88.000000,-90.000000,top
"D3","YELLOW","LED_0603_1608Metric_Pad1.05x0.95mm_HandSolder",94.040000,-107.000000,-90.000000,top
"D4","YELLOW","LED_0603_1608Metric_Pad1.05x0.95mm_HandSolder",94.040000,-128.000000,-90.000000,top
"D5","YELLOW","LED_0603_1608Metric_Pad1.05x0.95mm_HandSolder",114.000000,-88.000000,-90.000000,top
"D6","YELLOW","LED_0603_1608Metric_Pad1.05x0.95mm_HandSolder",114.040000,-107.000000,-90.000000,top
"D7","YELLOW","LED_0603_1608Metric_Pad1.05x0.95mm_HandSolder",114.000000,-128.000000,-90.000000,top
"D8","YELLOW","LED_0603_1608Metric_Pad1.05x0.95mm_HandSolder",134.000000,-88.000000,-90.000000,top
"D9","YELLOW","LED_0603_1608Metric_Pad1.05x0.95mm_HandSolder",134.040000,-107.000000,-90.000000,top
"D10","YELLOW","LED_0603_1608Metric_Pad1.05x0.95mm_HandSolder",134.000000,-128.000000,-90.000000,top
"D11","YELLOW","LED_0603_1608Metric_Pad1.05x0.95mm_HandSolder",154.000000,-88.000000,-90.000000,top
"D12","YELLOW","LED_0603_1608Metric_Pad1.05x0.95mm_HandSolder",154.000000,-107.000000,-90.000000,top
"D13","YELLOW","LED_0603_1608Metric_Pad1.05x0.95mm_HandSolder",154.000000,-128.000000,-90.000000,top
"D14","YELLOW","LED_0603_1608Metric_Pad1.05x0.95mm_HandSolder",174.000000,-88.000000,-90.000000,top
"D15","YELLOW","LED_0603_1608Metric_Pad1.05x0.95mm_HandSolder",174.000000,-107.000000,-90.000000,top
"D16","YELLOW","LED_0603_1608Metric_Pad1.05x0.95mm_HandSolder",174.040000,-127.000000,-90.000000,top
"D17","YELLOW","LED_0603_1608Metric_Pad1.05x0.95mm_HandSolder",194.000000,-88.000000,-90.000000,top
"D18","YELLOW","LED_0603_1608Metric_Pad1.05x0.95mm_HandSolder",194.000000,-107.000000,-90.000000,top
"D19","YELLOW","LED_0603_1608Metric_Pad1.05x0.95mm_HandSolder",194.000000,-127.000000,-90.000000,top
"D20","YELLOW","LED_0603_1608Metric_Pad1.05x0.95mm_HandSolder",214.000000,-88.000000,-90.000000,top
"D21","YELLOW","LED_0603_1608Metric_Pad1.05x0.95mm_HandSolder",214.000000,-107.000000,-90.000000,top
"D22","YELLOW","LED_0603_1608Metric_Pad1.05x0.95mm_HandSolder",214.000000,-127.000000,-90.000000,top
"D23","YELLOW","LED_0603_1608Metric_Pad1.05x0.95mm_HandSolder",234.000000,-88.000000,-90.000000,top
"D24","YELLOW","LED_0603_1608Metric_Pad1.05x0.95mm_HandSolder",234.000000,-107.000000,-90.000000,top
"D25","YELLOW","LED_0603_1608Metric_Pad1.05x0.95mm_HandSolder",234.000000,-127.000000,-90.000000,top
"D26","RED","LED_1206_3216Metric_Pad1.42x1.75mm_HandSolder",124.000000,-58.000000,-90.000000,top
"IC1","SN74HCT245PWR","SOP65P640X120-20N",140.000000,-65.000000,-90.000000,top
"IC2","SN74HCT245PWR","SOP65P640X120-20N",170.000000,-65.000000,-90.000000,top
"IC3","SN74HCT245PWR","SOP65P640X120-20N",211.000000,-65.000000,-90.000000,top
"J1","Left Header","PinHeader_1x24_P2.54mm_Vertical",195.880000,-31.000000,-90.000000,top
"J2","Right Header","PinHeader_1x24_P2.54mm_Vertical",195.900000,-46.240000,-90.000000,top
"J3","Ethernet","PinHeader_2x03_P2.00mm_Vertical",180.925000,-39.825000,0.000000,top
"J5","String","SHDR3W80P0X350_1X3_1250X725X940P",95.000000,-96.000000,180.000000,top
"J6","String","SHDR3W80P0X350_1X3_1250X725X940P",95.000000,-115.000000,180.000000,top
"J7","String","SHDR3W80P0X350_1X3_1250X725X940P",95.000000,-136.000000,180.000000,top
"J8","String","SHDR3W80P0X350_1X3_1250X725X940P",115.000000,-96.000000,180.000000,top
"J9","String","SHDR3W80P0X350_1X3_1250X725X940P",115.000000,-115.000000,180.000000,top
"J10","String","SHDR3W80P0X350_1X3_1250X725X940P",115.000000,-136.000000,180.000000,top
"J11","String","SHDR3W80P0X350_1X3_1250X725X940P",135.000000,-96.000000,180.000000,top
"J12","String","SHDR3W80P0X350_1X3_1250X725X940P",135.000000,-115.000000,180.000000,top
"J13","String","SHDR3W80P0X350_1X3_1250X725X940P",135.000000,-136.000000,180.000000,top
"J14","String","SHDR3W80P0X350_1X3_1250X725X940P",155.000000,-96.000000,180.000000,top
"J15","String","SHDR3W80P0X350_1X3_1250X725X940P",155.000000,-115.000000,180.000000,top
"J16","String","SHDR3W80P0X350_1X3_1250X725X940P",155.000000,-136.000000,180.000000,top
"J17","String","SHDR3W80P0X350_1X3_1250X725X940P",175.000000,-96.000000,180.000000,top
"J18","String","SHDR3W80P0X350_1X3_1250X725X940P",175.000000,-115.000000,180.000000,top
"J19","String","SHDR3W80P0X350_1X3_1250X725X940P",175.000000,-136.000000,180.000000,top
"J20","String","SHDR3W80P0X350_1X3_1250X725X940P",195.000000,-96.000000,180.000000,top
"J21","String","SHDR3W80P0X350_1X3_1250X725X940P",195.000000,-115.000000,180.000000,top
"J22","String","SHDR3W80P0X350_1X3_1250X725X940P",195.000000,-136.000000,180.000000,top
"J23","String","SHDR3W80P0X350_1X3_1250X725X940P",215.000000,-96.000000,180.000000,top
"J24","String","SHDR3W80P0X350_1X3_1250X725X940P",215.000000,-115.000000,180.000000,top
"J25","String","SHDR3W80P0X350_1X3_1250X725X940P",215.000000,-136.000000,180.000000,top
"J26","String","SHDR3W80P0X350_1X3_1250X725X940P",235.000000,-96.000000,180.000000,top
"J27","String","SHDR3W80P0X350_1X3_1250X725X940P",235.000000,-115.000000,180.000000,top
"J28","String","SHDR3W80P0X350_1X3_1250X725X940P",235.000000,-136.000000,180.000000,top
"J30","RVB-ZZ-0004","RJ45-TH_RVB-ZZ-0004",90.590000,-43.410000,-90.000000,top
"JP1","Power Sel","PinHeader_1x02_P2.54mm_Vertical",190.000000,-65.000000,180.000000,top
"R1","3.3k","R_1206_3216Metric_Pad1.30x1.75mm_HandSolder",124.000000,-65.000000,90.000000,top
"R2","100","R_0402_1005Metric_Pad0.72x0.64mm_HandSolder",133.000000,-73.000000,90.000000,top
"R3","100","R_0402_1005Metric_Pad0.72x0.64mm_HandSolder",135.000000,-73.000000,-90.000000,top
"R4","100","R_0402_1005Metric_Pad0.72x0.64mm_HandSolder",137.000000,-73.000000,-90.000000,top
"R5","100","R_0402_1005Metric_Pad0.72x0.64mm_HandSolder",139.000000,-73.000000,-90.000000,top
"R6","100","R_0402_1005Metric_Pad0.72x0.64mm_HandSolder",141.000000,-73.000000,-90.000000,top
"R7","100","R_0402_1005Metric_Pad0.72x0.64mm_HandSolder",143.000000,-73.000000,-90.000000,top
"R8","100","R_0402_1005Metric_Pad0.72x0.64mm_HandSolder",145.000000,-73.000000,-90.000000,top
"R9","100","R_0402_1005Metric_Pad0.72x0.64mm_HandSolder",147.000000,-73.000000,-90.000000,top
"R10","100","R_0402_1005Metric_Pad0.72x0.64mm_HandSolder",163.000000,-73.000000,90.000000,top
"R11","100","R_0402_1005Metric_Pad0.72x0.64mm_HandSolder",165.000000,-73.000000,-90.000000,top
"R12","100","R_0402_1005Metric_Pad0.72x0.64mm_HandSolder",167.000000,-73.000000,-90.000000,top
"R13","100","R_0402_1005Metric_Pad0.72x0.64mm_HandSolder",169.000000,-73.000000,-90.000000,top
"R14","100","R_0402_1005Metric_Pad0.72x0.64mm_HandSolder",171.000000,-73.000000,-90.000000,top
"R15","100","R_0402_1005Metric_Pad0.72x0.64mm_HandSolder",173.000000,-73.000000,-90.000000,top
"R16","100","R_0402_1005Metric_Pad0.72x0.64mm_HandSolder",175.000000,-73.000000,-90.000000,top
"R17","100","R_0402_1005Metric_Pad0.72x0.64mm_HandSolder",177.000000,-73.000000,-90.000000,top
"R18","100","R_0402_1005Metric_Pad0.72x0.64mm_HandSolder",204.000000,-73.000000,90.000000,top
"R19","100","R_0402_1005Metric_Pad0.72x0.64mm_HandSolder",206.000000,-73.000000,-90.000000,top
"R20","100","R_0402_1005Metric_Pad0.72x0.64mm_HandSolder",208.000000,-73.000000,-90.000000,top
"R21","100","R_0402_1005Metric_Pad0.72x0.64mm_HandSolder",210.000000,-73.000000,-90.000000,top
"R22","100","R_0402_1005Metric_Pad0.72x0.64mm_HandSolder",212.000000,-73.000000,-90.000000,top
"R23","100","R_0402_1005Metric_Pad0.72x0.64mm_HandSolder",214.000000,-73.000000,-90.000000,top
"R24","100","R_0402_1005Metric_Pad0.72x0.64mm_HandSolder",216.000000,-73.000000,-90.000000,top
"R25","100","R_0402_1005Metric_Pad0.72x0.64mm_HandSolder",218.000000,-73.000000,-90.000000,top
"R26","3k","R_0603_1608Metric_Pad0.98x0.95mm_HandSolder",94.000000,-84.000000,90.000000,top
"R27","3k","R_0603_1608Metric_Pad0.98x0.95mm_HandSolder",94.000000,-103.000000,90.000000,top
"R28","3k","R_0603_1608Metric_Pad0.98x0.95mm_HandSolder",94.000000,-124.000000,90.000000,top
"R29","3k","R_0603_1608Metric_Pad0.98x0.95mm_HandSolder",114.000000,-84.000000,90.000000,top
"R30","3k","R_0603_1608Metric_Pad0.98x0.95mm_HandSolder",114.000000,-103.000000,90.000000,top
"R31","3k","R_0603_1608Metric_Pad0.98x0.95mm_HandSolder",114.000000,-124.000000,90.000000,top
"R32","3k","R_0603_1608Metric_Pad0.98x0.95mm_HandSolder",134.000000,-84.000000,90.000000,top
"R33","3k","R_0603_1608Metric_Pad0.98x0.95mm_HandSolder",134.000000,-103.000000,-90.000000,top
"R34","3k","R_0603_1608Metric_Pad0.98x0.95mm_HandSolder",134.000000,-124.000000,90.000000,top
"R35","3k","R_0603_1608Metric_Pad0.98x0.95mm_HandSolder",154.000000,-84.000000,90.000000,top
"R36","3k","R_0603_1608Metric_Pad0.98x0.95mm_HandSolder",154.000000,-103.000000,90.000000,top
"R37","3k","R_0603_1608Metric_Pad0.98x0.95mm_HandSolder",154.000000,-124.000000,90.000000,top
"R38","3k","R_0603_1608Metric_Pad0.98x0.95mm_HandSolder",174.000000,-84.000000,90.000000,top
"R39","3k","R_0603_1608Metric_Pad0.98x0.95mm_HandSolder",174.000000,-103.000000,90.000000,top
"R40","3k","R_0603_1608Metric_Pad0.98x0.95mm_HandSolder",174.000000,-123.000000,90.000000,top
"R41","3k","R_0603_1608Metric_Pad0.98x0.95mm_HandSolder",194.000000,-84.000000,90.000000,top
"R42","3k","R_0603_1608Metric_Pad0.98x0.95mm_HandSolder",194.000000,-102.912500,90.000000,top
"R43","3k","R_0603_1608Metric_Pad0.98x0.95mm_HandSolder",194.000000,-123.000000,90.000000,top
"R44","3k","R_0603_1608Metric_Pad0.98x0.95mm_HandSolder",214.000000,-84.000000,90.000000,top
"R45","3k","R_0603_1608Metric_Pad0.98x0.95mm_HandSolder",214.000000,-103.000000,90.000000,top
"R46","3k","R_0603_1608Metric_Pad0.98x0.95mm_HandSolder",214.000000,-123.000000,90.000000,top
"R47","3k","R_0603_1608Metric_Pad0.98x0.95mm_HandSolder",234.000000,-84.000000,90.000000,top
"R48","3k","R_0603_1608Metric_Pad0.98x0.95mm_HandSolder",234.000000,-103.000000,90.000000,top
"R49","3k","R_0603_1608Metric_Pad0.98x0.95mm_HandSolder",234.000000,-123.000000,90.000000,top
"R50","3.2k","R_1206_3216Metric_Pad1.30x1.75mm_HandSolder",124.000000,-52.000000,90.000000,top
