"Reference","Value","Datasheet","Footprint","Qty","LCSC Part #"
"C1","1000u","~","Capacitor_THT:C_Radial_D16.0mm_H25.0mm_P7.50mm","1","C445417"
"C2,C3,C4","1u","~","Capacitor_SMD:C_0603_1608Metric_Pad1.08x0.95mm_HandSolder","3","C576859"
"C5","100n","~","Capacitor_SMD:C_0603_1608Metric_Pad1.08x0.95mm_HandSolder","1","C541407"
"D1,D26","RED","~","LED_SMD:LED_1206_3216Metric_Pad1.42x1.75mm_HandSolder","2","C2984265"
"D2,D3,D4,D5,D6,D7,D8,D9,D10,D11,D12,D13,D14,D15,D16,D17,D18,D19,D20,D21,D22,D23,D24,D25","YELLOW","~","LED_SMD:LED_0603_1608Metric_Pad1.05x0.95mm_HandSolder","24","C72038"
"IC1,IC2,IC3","SN74HCT245PWR","http://www.ti.com/general/docs/suppproductinfo.tsp?distId=10&gotoUrl=http%3A%2F%2Fwww.ti.com%2Flit%2Fgpn%2Fsn74hct245","SOP65P640X120-20N","3","C6779"
"J1","Left Header","~","Connector_PinHeader_2.54mm:PinHeader_1x24_P2.54mm_Vertical","1","C2883520"
"J2","Right Header","~","Connector_PinHeader_2.54mm:PinHeader_1x24_P2.54mm_Vertical","1","C2883520"
"J3","Ethernet","~","Connector_PinHeader_2.00mm:PinHeader_2x03_P2.00mm_Vertical","1","C350277"
"J5,J6,J7,J8,J9,J10,J11,J12,J13,J14,J15,J16,J17,J18,J19,J20,J21,J22,J23,J24,J25,J26,J27,J28","String","https://www.te.com/commerce/DocumentDelivery/DDEController?Action=srchrtrv&DocNm=1-1773458-1_EURO_STYLE_QRG&DocType=Data%20Sheet&DocLang=English&PartCntxt=284514-3&DocFormat=pdf","SHDR3W80P0X350_1X3_1250X725X940P","24","C7466034"
"J30","RVB-ZZ-0004","https://lcsc.com/product-detail/New-Arrivals_UDE-Corp-RVB-ZZ-0004_C363242.html",":RJ45-TH_RVB-ZZ-0004","1","C363242"
"JP1","Power Sel","~","Connector_PinHeader_2.54mm:PinHeader_1x02_P2.54mm_Vertical","1","C593179"
"R1","3.3k","~","Resistor_SMD:R_1206_3216Metric_Pad1.30x1.75mm_HandSolder","1","C2089480"
"R2,R3,R4,R5,R6,R7,R8,R9,R10,R11,R12,R13,R14,R15,R16,R17,R18,R19,R20,R21,R22,R23,R24,R25","100","~","Resistor_SMD:R_0402_1005Metric_Pad0.72x0.64mm_HandSolder","24","C144045"
"R26,R27,R28,R29,R30,R31,R32,R33,R34,R35,R36,R37,R38,R39,R40,R41,R42,R43,R44,R45,R46,R47,R48,R49","3k","~","Resistor_SMD:R_0603_1608Metric_Pad0.98x0.95mm_HandSolder","24","C844780"
"R50","3.2k","~","Resistor_SMD:R_1206_3216Metric_Pad1.30x1.75mm_HandSolder","1","C2089480"
